{
  "parent": "minecraft:item/generated",
  "overrides": [
    {
      "model": "minecraft:item/netherite_helmet_quartz_trim",
      "predicate": {
        "trim_type": 0.1
      }
    },
    {
      "model": "minecraft:item/netherite_helmet_iron_trim",
      "predicate": {
        "trim_type": 0.2
      }
    },
    {
      "model": "minecraft:item/netherite_helmet_netherite_darker_trim",
      "predicate": {
        "trim_type": 0.3
      }
    },
    {
      "model": "minecraft:item/netherite_helmet_redstone_trim",
      "predicate": {
        "trim_type": 0.4
      }
    },
    {
      "model": "minecraft:item/netherite_helmet_copper_trim",
      "predicate": {
        "trim_type": 0.5
      }
    },
    {
      "model": "minecraft:item/netherite_helmet_gold_trim",
      "predicate": {
        "trim_type": 0.6
      }
    },
    {
      "model": "minecraft:item/netherite_helmet_emerald_trim",
      "predicate": {
        "trim_type": 0.7
      }
    },
    {
      "model": "minecraft:item/netherite_helmet_diamond_trim",
      "predicate": {
        "trim_type": 0.8
      }
    },
    {
      "model": "teks_trims:item/netherite_helmet_tin_trim",
      "predicate": {
        "trim_type": 0.821
      }
    },
    {
      "model": "teks_trims:item/netherite_helmet_brass_trim",
      "predicate": {
        "trim_type": 0.822
      }
    },
    {
      "model": "teks_trims:item/netherite_helmet_steel_trim",
      "predicate": {
        "trim_type": 0.823
      }
    },
    {
      "model": "teks_trims:item/netherite_helmet_rose_quartz_trim",
      "predicate": {
        "trim_type": 0.824
      }
    },
    {
      "model": "teks_trims:item/netherite_helmet_uranium_trim",
      "predicate": {
        "trim_type": 0.825
      }
    },
    {
      "model": "teks_trims:item/netherite_helmet_lead_trim",
      "predicate": {
        "trim_type": 0.826
      }
    },
    {
      "model": "teks_trims:item/netherite_helmet_experience_nugget_trim",
      "predicate": {
        "trim_type": 0.827
      }
    },
    {
      "model": "teks_trims:item/netherite_helmet_shadow_steel_trim",
      "predicate": {
        "trim_type": 0.828
      }
    },
    {
      "model": "teks_trims:item/netherite_helmet_refined_radiance_trim",
      "predicate": {
        "trim_type": 0.829
      }
    },
    {
      "model": "teks_trims:item/netherite_helmet_notexture_trim",
      "predicate": {
        "trim_type": 0.83
      }
    },
    {
      "model": "teks_trims:item/netherite_helmet_hslasteel_trim",
      "predicate": {
        "trim_type": 0.831
      }
    },
    {
      "model": "teks_trims:item/netherite_helmet_resin_trim",
      "predicate": {
        "trim_type": 0.832
      }
    },
    {
      "model": "minecraft:item/netherite_helmet_lapis_trim",
      "predicate": {
        "trim_type": 0.9
      }
    },
    {
      "model": "minecraft:item/netherite_helmet_amethyst_trim",
      "predicate": {
        "trim_type": 1.0
      }
    }
  ],
  "textures": {
    "layer0": "minecraft:item/netherite_helmet"
  }
}