{
  "parent": "minecraft:item/generated",
  "overrides": [
    {
      "model": "minecraft:item/netherite_boots_quartz_trim",
      "predicate": {
        "trim_type": 0.1
      }
    },
    {
      "model": "minecraft:item/netherite_boots_iron_trim",
      "predicate": {
        "trim_type": 0.2
      }
    },
    {
      "model": "minecraft:item/netherite_boots_netherite_darker_trim",
      "predicate": {
        "trim_type": 0.3
      }
    },
    {
      "model": "minecraft:item/netherite_boots_redstone_trim",
      "predicate": {
        "trim_type": 0.4
      }
    },
    {
      "model": "minecraft:item/netherite_boots_copper_trim",
      "predicate": {
        "trim_type": 0.5
      }
    },
    {
      "model": "minecraft:item/netherite_boots_gold_trim",
      "predicate": {
        "trim_type": 0.6
      }
    },
    {
      "model": "minecraft:item/netherite_boots_emerald_trim",
      "predicate": {
        "trim_type": 0.7
      }
    },
    {
      "model": "minecraft:item/netherite_boots_diamond_trim",
      "predicate": {
        "trim_type": 0.8
      }
    },
    {
      "model": "teks_trims:item/netherite_boots_tin_trim",
      "predicate": {
        "trim_type": 0.821
      }
    },
    {
      "model": "teks_trims:item/netherite_boots_brass_trim",
      "predicate": {
        "trim_type": 0.822
      }
    },
    {
      "model": "teks_trims:item/netherite_boots_steel_trim",
      "predicate": {
        "trim_type": 0.823
      }
    },
    {
      "model": "teks_trims:item/netherite_boots_rose_quartz_trim",
      "predicate": {
        "trim_type": 0.824
      }
    },
    {
      "model": "teks_trims:item/netherite_boots_uranium_trim",
      "predicate": {
        "trim_type": 0.825
      }
    },
    {
      "model": "teks_trims:item/netherite_boots_lead_trim",
      "predicate": {
        "trim_type": 0.826
      }
    },
    {
      "model": "teks_trims:item/netherite_boots_experience_nugget_trim",
      "predicate": {
        "trim_type": 0.827
      }
    },
    {
      "model": "teks_trims:item/netherite_boots_shadow_steel_trim",
      "predicate": {
        "trim_type": 0.828
      }
    },
    {
      "model": "teks_trims:item/netherite_boots_refined_radiance_trim",
      "predicate": {
        "trim_type": 0.829
      }
    },
    {
      "model": "teks_trims:item/netherite_boots_notexture_trim",
      "predicate": {
        "trim_type": 0.83
      }
    },
    {
      "model": "teks_trims:item/netherite_boots_hslasteel_trim",
      "predicate": {
        "trim_type": 0.831
      }
    },
    {
      "model": "teks_trims:item/netherite_boots_resin_trim",
      "predicate": {
        "trim_type": 0.832
      }
    },
    {
      "model": "minecraft:item/netherite_boots_lapis_trim",
      "predicate": {
        "trim_type": 0.9
      }
    },
    {
      "model": "minecraft:item/netherite_boots_amethyst_trim",
      "predicate": {
        "trim_type": 1.0
      }
    }
  ],
  "textures": {
    "layer0": "minecraft:item/netherite_boots"
  }
}