{
  "sources": [
    {
        "type": "paletted_permutations",
	"textures": [
            "trims/items/leggings_trim",
            "trims/items/chestplate_trim",
            "trims/items/helmet_trim",
            "trims/items/boots_trim"
            ],
      "palette_key": "trims/color_palettes/trim_palette",
      "permutations": {
        "tin": "teks_trims:trims/color_palettes/tin",
        "shadow_steel": "teks_trims:trims/color_palettes/shadow_steel",
        "lead": "teks_trims:trims/color_palettes/lead",
        "rose_quartz": "teks_trims:trims/color_palettes/rose_quartz",
        "experience_nugget": "teks_trims:trims/color_palettes/experience_nugget",
        "refined_radiance": "teks_trims:trims/color_palettes/refined_radiance",
        "steel": "teks_trims:trims/color_palettes/steel",
        "brass": "teks_trims:trims/color_palettes/brass",
        "uranium": "teks_trims:trims/color_palettes/uranium",
	"notexture": "teks_trims:trims/color_palettes/notexture",
	"hslasteel": "teks_trims:trims/color_palettes/hslasteel",
	"resin": "teks_trims:trims/color_palettes/resin"
      }
    }
  ]
}