{
  "type": "minecraft:ore",
  "config": {
    "discard_chance_on_air_exposure": 0.0,
    "size": 9,
    "targets": [
      {
        "state": {
          "Name": "electrodynamics:oresilver"
        },
        "target": {
          "block": "electrodynamics:oresilver",
          "canspawnintag": "minecraft:stone_ore_replaceables",
          "predicate_type": "electrodynamics:configorespawn"
        }
      },
      {
        "state": {
          "Name": "electrodynamics:deepslateoresilver"
        },
        "target": {
          "block": "electrodynamics:deepslateoresilver",
          "canspawnintag": "minecraft:deepslate_ore_replaceables",
          "predicate_type": "electrodynamics:configorespawn"
        }
      }
    ]
  }
}